[
  {
    "id": 0,
    "isActive": false,
    "age": 28,
    "firstName": "Angel",
    "lastName": "Whitfield",
    "password": 9828276766,
    "email": "angel@gmail.com",
    "phone": 8455143310,
    "address": "221 Manhattan Avenue, Walton, Missouri, 9422",
    "about": "Ipsum do nostrud Lorem ad. Aliqua ea eu ullamco mollit dolore ullamco non eiusmod officia. Est in ut qui amet ea veniam fugiat. Ad qui et laborum aliqua est ex reprehenderit esse culpa aliquip do aliqua deserunt. Nulla laborum consequat sunt ullamco."
  },
  {
    "id": 1,
    "isActive": false,
    "age": 36,
    "firstName": "Heather",
    "lastName": "Donovan",
    "password": 8835629237,
    "email": "heather@gmail.com",
    "phone": 9675992810,
    "address": "928 Aberdeen Street, Greenbackville, Utah, 8368",
    "about": "Aliqua aliqua eu enim consectetur laboris esse Lorem duis nisi id laborum. Aliquip proident ullamco magna eu nisi nisi laborum consequat cupidatat officia eiusmod. Duis minim sunt magna ad dolor eiusmod adipisicing id est culpa excepteur voluptate dolor. Anim voluptate eu occaecat ipsum consequat nulla. Id anim nostrud mollit amet dolor et ut elit. In sunt ut consequat sint esse consectetur adipisicing esse consequat minim tempor quis pariatur eu."
  },
  {
    "id": 2,
    "isActive": false,
    "age": 35,
    "firstName": "Eugenia",
    "lastName": "Lambert",
    "password": 9865435648,
    "email": "eugenia@gmail.com",
    "phone": 8534403917,
    "address": "516 Jefferson Avenue, Salix, New Hampshire, 7743",
    "about": "Minim consectetur ullamco non mollit ipsum aliquip quis consectetur mollit sunt in fugiat ex do. Ex ut amet commodo dolore ad nisi est pariatur. Aute deserunt aute ipsum laboris duis labore qui eiusmod."
  },
  {
    "id": 3,
    "isActive": true,
    "age": 21,
    "firstName": "Dee",
    "lastName": "Curtis",
    "password": 7724952543,
    "email": "dee@gmail.com",
    "phone": 9264403347,
    "address": "638 Richmond Street, Courtland, Connecticut, 9308",
    "about": "Culpa irure nulla sit do incididunt ullamco ex eu ea. Tempor magna officia do cillum ex dolor do esse exercitation esse occaecat incididunt elit mollit. Sunt voluptate dolor aute amet commodo et labore. Veniam dolor excepteur minim aliquip."
  },
  {
    "id": 4,
    "isActive": true,
    "age": 37,
    "firstName": "Esmeralda",
    "lastName": "Cantu",
    "password": 8735282496,
    "email": "esmeralda@gmail.com",
    "phone": 8635602385,
    "address": "684 Holmes Lane, Cavalero, Minnesota, 2376",
    "about": "Occaecat esse anim voluptate et est fugiat dolor eiusmod minim voluptate aliqua. Occaecat sit esse deserunt magna deserunt. Do proident qui officia id magna et labore anim eiusmod. Esse do anim reprehenderit cupidatat dolore. Id ad tempor irure nostrud esse proident eu. Proident velit nulla aliqua minim consectetur ullamco exercitation culpa tempor ipsum commodo ad sit. Qui labore enim ea tempor consequat aliqua et voluptate dolore."
  },
  {
    "id": 5,
    "isActive": true,
    "age": 39,
    "firstName": "Dollie",
    "lastName": "Grant",
    "password": 8988274743,
    "email": "dollie@gmail.com",
    "phone": 8205633100,
    "address": "551 Harman Street, Venice, West Virginia, 4657",
    "about": "Veniam excepteur adipisicing nulla cillum veniam ullamco sint fugiat do aute culpa amet dolore. Ad duis consectetur nulla quis reprehenderit fugiat laborum non. In commodo fugiat veniam in occaecat. Laboris ut id laboris duis. Cupidatat proident do anim in ut laborum veniam ex ad incididunt anim sunt."
  },
  {
    "id": 6,
    "isActive": true,
    "age": 34,
    "firstName": "Eloise",
    "lastName": "Alston",
    "password": 7883492456,
    "email": "eloise@gmail.com",
    "phone": 9395122976,
    "address": "457 Durland Place, Urie, Delaware, 7267",
    "about": "Lorem eiusmod esse voluptate magna fugiat. Sit sunt fugiat ullamco nisi laboris. Cupidatat esse ea ipsum do irure reprehenderit eu. Ipsum mollit id eu id non aute ad occaecat esse mollit exercitation voluptate."
  },
  {
    "id": 7,
    "isActive": true,
    "age": 20,
    "firstName": "Benjamin",
    "lastName": "Villarreal",
    "password": 9822567273,
    "email": "benjamin@gmail.com",
    "phone": 9844613082,
    "address": "667 Devoe Street, Driftwood, Guam, 9049",
    "about": "Duis eu voluptate et excepteur incididunt dolor id. Do mollit aliquip enim fugiat occaecat ex non cillum. Cillum ut anim exercitation amet sunt irure nulla minim."
  },
  {
    "id": 8,
    "isActive": false,
    "age": 35,
    "firstName": "Powell",
    "lastName": "Davenport",
    "password": 9847863449,
    "email": "powell@gmail.com",
    "phone": 9034382966,
    "address": "735 Arkansas Drive, Graball, California, 892",
    "about": "Labore adipisicing in duis officia eiusmod laboris. Amet aliquip et laborum Lorem. Nostrud consectetur magna sit et. Magna magna cillum veniam deserunt consectetur. Elit culpa labore fugiat cupidatat eiusmod do ipsum officia irure culpa voluptate."
  },
  {
    "id": 9,
    "isActive": false,
    "age": 21,
    "firstName": "Evangeline",
    "lastName": "Hughes",
    "password": 7886473964,
    "email": "evangeline@gmail.com",
    "phone": 8415043815,
    "address": "226 Gardner Avenue, Gratton, Mississippi, 1793",
    "about": "Quis esse mollit eu anim. Veniam in adipisicing Lorem incididunt est officia ut aute aliquip. Duis esse sit fugiat nulla sit nostrud. Dolor cillum elit in exercitation fugiat in non consequat voluptate duis. Eiusmod elit exercitation sit labore fugiat anim aliquip voluptate cillum labore do enim."
  },
  {
    "id": 10,
    "isActive": true,
    "age": 24,
    "firstName": "Grace",
    "lastName": "Merrill",
    "password": 7967834223,
    "email": "grace@gmail.com",
    "phone": 8624092438,
    "address": "553 Lloyd Street, Chaparrito, Nevada, 7130",
    "about": "Proident adipisicing sit sit laboris laboris id. Ullamco Lorem minim reprehenderit ipsum consectetur adipisicing excepteur ullamco ad. Sit laboris minim Lorem nisi esse. Fugiat consequat eiusmod et nostrud irure proident enim dolor duis cupidatat aliquip aliqua magna. Voluptate nulla minim eu cupidatat adipisicing fugiat qui laborum adipisicing do adipisicing commodo laborum. Et qui consequat consectetur ea commodo culpa. Amet id labore magna aute adipisicing voluptate aliqua in."
  },
  {
    "id": 11,
    "isActive": true,
    "age": 36,
    "firstName": "Moses",
    "lastName": "Hart",
    "password": 9728573268,
    "email": "moses@gmail.com",
    "phone": 9255953232,
    "address": "775 Claver Place, Eagletown, Oklahoma, 7717",
    "about": "Anim anim excepteur ullamco eu ex amet ullamco est aliquip veniam ea irure aliquip qui. Nostrud veniam enim nulla ut exercitation sint laborum. Qui veniam anim eu consectetur nisi adipisicing Lorem duis."
  },
  {
    "id": 12,
    "isActive": true,
    "age": 25,
    "firstName": "Stella",
    "lastName": "Farmer",
    "password": 7984855497,
    "email": "stella@gmail.com",
    "phone": 9754312009,
    "address": "527 Rewe Street, Loma, North Carolina, 3938",
    "about": "Non laboris nulla velit in anim pariatur. Commodo cillum in anim reprehenderit esse sunt reprehenderit enim reprehenderit. Consectetur enim enim est anim nulla consequat laboris dolor nulla duis et consequat amet. Occaecat veniam pariatur sint labore labore culpa commodo irure cupidatat ex deserunt eiusmod excepteur."
  },
  {
    "id": 13,
    "isActive": true,
    "age": 34,
    "firstName": "Gabriela",
    "lastName": "Maldonado",
    "password": 7927669897,
    "email": "gabriela@gmail.com",
    "phone": 8315973826,
    "address": "674 Beadel Street, Marion, New York, 6963",
    "about": "Nisi mollit eu culpa id tempor adipisicing eiusmod ad ad mollit ut deserunt. Sit sunt commodo proident ea velit deserunt non ad excepteur incididunt exercitation proident. Adipisicing sit officia amet cillum in eiusmod sunt sint cillum mollit voluptate. Occaecat mollit sint qui velit anim occaecat eiusmod dolor labore cillum. Dolor cillum cillum ipsum dolor. Exercitation velit aliqua labore cupidatat laborum reprehenderit do."
  },
  {
    "id": 14,
    "isActive": true,
    "age": 21,
    "firstName": "Bowers",
    "lastName": "Martin",
    "password": 8883655948,
    "email": "bowers@gmail.com",
    "phone": 8435372380,
    "address": "829 Utica Avenue, Catherine, Hawaii, 8818",
    "about": "Et velit officia excepteur ea laborum laborum consequat commodo nisi in nisi dolore. Non adipisicing esse voluptate culpa elit anim tempor eiusmod. Consequat ullamco duis aliquip aute veniam. Laboris proident proident enim aute nisi duis. Duis ut veniam id ex ea adipisicing in. Anim excepteur cupidatat consequat enim ipsum eu duis deserunt nostrud exercitation fugiat dolore. Lorem cillum pariatur consequat in magna."
  },
  {
    "id": 15,
    "isActive": true,
    "age": 24,
    "firstName": "Travis",
    "lastName": "Stafford",
    "password": 8988545684,
    "email": "travis@gmail.com",
    "phone": 8515292489,
    "address": "518 Newkirk Placez, Gloucester, North Dakota, 7722",
    "about": "Eiusmod ad aute tempor Lorem. Sunt pariatur voluptate cillum id sint amet laboris dolor dolore non pariatur. Cillum minim exercitation qui culpa cillum minim qui fugiat et irure est. Quis qui mollit ea aute sunt irure consectetur duis. Aute nostrud nulla quis laborum sit aliquip nulla culpa est sunt proident cillum. Incididunt eu ullamco excepteur esse exercitation cillum est tempor aute consequat sit elit."
  },
  {
    "id": 16,
    "isActive": false,
    "age": 23,
    "firstName": "Whitaker",
    "lastName": "Bryant",
    "password": 8928425296,
    "email": "whitaker@gmail.com",
    "phone": 9495112157,
    "address": "412 Nolans Lane, Wakulla, Kansas, 859",
    "about": "Adipisicing officia voluptate fugiat cupidatat officia non cillum sit ipsum qui quis reprehenderit ut. Nostrud aliqua cupidatat exercitation ad sint. Dolore officia qui amet occaecat. Sint proident elit velit cupidatat aute enim labore aute."
  },
  {
    "id": 17,
    "isActive": false,
    "age": 38,
    "firstName": "Bell",
    "lastName": "Morton",
    "password": 8896633845,
    "email": "bell@gmail.com",
    "phone": 9094643796,
    "address": "874 Osborn Street, Thomasville, Nebraska, 6933",
    "about": "Est consequat labore laboris commodo laborum veniam dolore cupidatat deserunt consequat. Commodo commodo sit sint irure ullamco qui officia incididunt eiusmod laboris dolor amet deserunt. Consectetur occaecat velit mollit reprehenderit ea labore fugiat nisi minim."
  },
  {
    "id": 18,
    "isActive": true,
    "age": 32,
    "firstName": "Clare",
    "lastName": "Donaldson",
    "password": 7766987538,
    "email": "clare@gmail.com",
    "phone": 9375222355,
    "address": "216 Jerome Street, Clay, Michigan, 3242",
    "about": "Exercitation eu labore est tempor. Dolor est irure esse dolor id pariatur dolor. Enim mollit incididunt ipsum sunt qui velit ex velit ex laborum. Dolor velit elit ut et et aliqua aute do aliqua proident excepteur."
  },
  {
    "id": 19,
    "isActive": true,
    "age": 28,
    "firstName": "Todd",
    "lastName": "Fletcher",
    "password": 9733444524,
    "email": "todd@gmail.com",
    "phone": 8775662942,
    "address": "530 Fleet Place, Biddle, Ohio, 9716",
    "about": "Dolor elit duis qui dolore Lorem deserunt ipsum elit excepteur. Anim proident exercitation quis sint id magna sit nisi pariatur duis ea labore dolor voluptate. Ad qui laboris Lorem fugiat culpa. Dolore ut mollit tempor proident et duis sunt minim laborum ex dolore."
  },
  {
    "id": 20,
    "isActive": false,
    "age": 39,
    "firstName": "Rosanne",
    "lastName": "Avila",
    "password": 9972856722,
    "email": "rosanne@gmail.com",
    "phone": 8364013844,
    "address": "801 Orient Avenue, Abiquiu, Kentucky, 8108",
    "about": "Ullamco ullamco reprehenderit nisi aute do adipisicing ut fugiat labore consequat. Mollit laboris elit anim est tempor. Nulla sit est voluptate sunt occaecat velit ullamco nisi ad reprehenderit laboris dolor. Non nostrud minim enim eiusmod dolore aliquip ullamco exercitation labore. Labore nostrud dolore ut est. Aliqua ullamco ipsum nisi Lorem nostrud anim laborum."
  },
  {
    "id": 21,
    "isActive": true,
    "age": 38,
    "firstName": "Tanisha",
    "lastName": "Robbins",
    "password": 8958659342,
    "email": "tanisha@gmail.com",
    "phone": 8894822499,
    "address": "432 Carroll Street, Kohatk, Louisiana, 2165",
    "about": "Duis proident fugiat elit adipisicing commodo commodo occaecat amet in duis aute et. Ullamco voluptate ad non mollit velit. Dolore officia elit anim consectetur culpa nulla sunt eiusmod anim elit laborum dolor aliqua dolor. Aute velit anim tempor exercitation eu non aliquip. Ea proident enim nostrud nostrud reprehenderit magna voluptate ad sint incididunt. Cupidatat Lorem velit elit esse ex nostrud minim cupidatat."
  },
  {
    "id": 22,
    "isActive": true,
    "age": 38,
    "firstName": "Caldwell",
    "lastName": "Puckett",
    "password": 9779849968,
    "email": "caldwell@gmail.com",
    "phone": 9705842586,
    "address": "840 Brightwater Court, Wheatfields, Massachusetts, 9242",
    "about": "Fugiat labore in incididunt ea duis dolor. Sit amet reprehenderit ullamco labore commodo qui ea velit dolor elit eiusmod veniam qui. Exercitation ullamco aliqua nisi irure eiusmod magna consectetur et. Adipisicing ullamco nostrud dolore duis non amet magna excepteur laboris ipsum anim tempor esse."
  },
  {
    "id": 23,
    "isActive": false,
    "age": 28,
    "firstName": "Richards",
    "lastName": "Gentry",
    "password": 7894547576,
    "email": "richards@gmail.com",
    "phone": 9935893835,
    "address": "735 Manor Court, Aguila, Illinois, 9566",
    "about": "Mollit anim ad irure ad dolor sint. Cupidatat consequat dolore sunt voluptate elit ex consectetur consequat. Do pariatur esse adipisicing aute aliquip cupidatat labore labore labore ullamco pariatur irure."
  },
  {
    "id": 24,
    "isActive": true,
    "age": 20,
    "firstName": "Elsie",
    "lastName": "Spencer",
    "password": 8829926444,
    "email": "elsie@gmail.com",
    "phone": 9095862910,
    "address": "433 Folsom Place, Loveland, Maine, 1571",
    "about": "Et sit ut id tempor do occaecat. Voluptate dolore id nulla ut reprehenderit tempor commodo laborum sit est enim. Ex eu culpa enim nisi eu qui occaecat culpa. Nisi in veniam laboris laboris laboris amet consectetur consectetur. Minim non anim veniam id fugiat nisi excepteur culpa adipisicing amet mollit dolor consequat nulla."
  },
  {
    "id": 25,
    "isActive": false,
    "age": 21,
    "firstName": "Paulette",
    "lastName": "Hendricks",
    "password": 9728266523,
    "email": "paulette@gmail.com",
    "phone": 9035553157,
    "address": "940 Cooper Street, Frystown, American Samoa, 1770",
    "about": "In et nostrud elit amet Lorem occaecat excepteur ex. Do reprehenderit elit id ad aute ad dolore ad. Sint consequat veniam aute non sint anim. Nulla aliquip enim nulla velit ullamco enim non do nulla commodo. Anim irure consequat dolor elit. Consequat fugiat incididunt veniam cupidatat cillum fugiat adipisicing consequat ullamco voluptate consequat. Aliqua amet eiusmod laboris laboris do id."
  },
  {
    "id": 26,
    "isActive": true,
    "age": 39,
    "firstName": "Jackson",
    "lastName": "Mitchell",
    "password": 8979533892,
    "email": "jackson@gmail.com",
    "phone": 8394553581,
    "address": "359 Doone Court, Chumuckla, South Carolina, 1720",
    "about": "Amet tempor ex ea voluptate elit excepteur aliqua aliquip veniam quis esse. Eiusmod do pariatur nostrud qui nostrud reprehenderit adipisicing aliqua enim duis cupidatat Lorem laboris aliquip. In duis eu elit officia minim."
  },
  {
    "id": 27,
    "isActive": true,
    "age": 30,
    "firstName": "Wendy",
    "lastName": "Richardson",
    "password": 8848253325,
    "email": "wendy@gmail.com",
    "phone": 9964952244,
    "address": "184 Orange Street, Wanship, Colorado, 4265",
    "about": "Labore id minim laboris eiusmod quis veniam ullamco consequat ea dolor Lorem. Consequat eiusmod veniam dolor veniam do ullamco aute nulla. Fugiat in proident minim sunt commodo occaecat tempor ipsum. Proident ex irure dolore id."
  },
  {
    "id": 28,
    "isActive": false,
    "age": 32,
    "firstName": "Alisa",
    "lastName": "Crane",
    "password": 8897693236,
    "email": "alisa@gmail.com",
    "phone": 9385503948,
    "address": "959 Ridgewood Avenue, Harrodsburg, Wyoming, 3804",
    "about": "Voluptate id eu non Lorem reprehenderit elit. Ad velit occaecat elit eiusmod ad duis. Pariatur duis adipisicing sunt cupidatat duis veniam ea enim proident dolor sint nostrud exercitation duis. Adipisicing nisi labore nisi pariatur sit occaecat adipisicing et. Magna excepteur eiusmod ipsum mollit non aute ad nisi incididunt nulla officia cupidatat. Culpa adipisicing quis excepteur in qui."
  },
  {
    "id": 29,
    "isActive": false,
    "age": 33,
    "firstName": "Nanette",
    "lastName": "Barnett",
    "password": 9934863536,
    "email": "nanette@gmail.com",
    "phone": 9215262181,
    "address": "417 Waldane Court, Waumandee, Virgin Islands, 9486",
    "about": "Exercitation ullamco aliquip laborum fugiat excepteur cupidatat. Est cupidatat eiusmod veniam proident. Commodo incididunt sint nostrud est et excepteur reprehenderit laborum. Consequat occaecat culpa minim amet eiusmod sit pariatur."
  },
  {
    "id": 30,
    "isActive": true,
    "age": 34,
    "firstName": "Elnora",
    "lastName": "Suarez",
    "password": 7897665643,
    "email": "elnora@gmail.com",
    "phone": 9905753103,
    "address": "338 Louis Place, Bladensburg, Arkansas, 1281",
    "about": "Aliqua occaecat officia labore nulla elit enim ea. Sint pariatur officia eiusmod excepteur. Ut cupidatat dolor minim laboris voluptate nulla elit reprehenderit magna dolore incididunt aliqua. Dolor est eu nulla dolore sunt occaecat labore in laboris eiusmod est laboris veniam. Veniam minim pariatur ad sit minim commodo aute consectetur reprehenderit Lorem fugiat. Sint cillum reprehenderit sunt anim sunt eu cupidatat dolore mollit eiusmod. Duis do ipsum enim cupidatat commodo."
  },
  {
    "id": 31,
    "isActive": false,
    "age": 31,
    "firstName": "Park",
    "lastName": "Petersen",
    "password": 8734255457,
    "email": "park@gmail.com",
    "phone": 9214293870,
    "address": "100 Devon Avenue, Jacksonwald, Rhode Island, 5339",
    "about": "Nulla adipisicing consectetur adipisicing id est ea magna amet ex laborum laborum minim pariatur pariatur. Do cillum voluptate ad eiusmod occaecat cupidatat. Ullamco irure veniam adipisicing est excepteur elit aliqua ex dolore. Sunt est occaecat culpa anim non enim sit cillum aliquip ullamco veniam cillum fugiat labore. Sint ullamco minim duis eiusmod qui ipsum sint pariatur ullamco pariatur aute veniam ea voluptate. Nostrud consequat culpa veniam ad elit enim aliquip."
  },
  {
    "id": 32,
    "isActive": true,
    "age": 37,
    "firstName": "Trina",
    "lastName": "Alexander",
    "password": 9985455688,
    "email": "trina@gmail.com",
    "phone": 8095032491,
    "address": "844 Melrose Street, Blanco, Georgia, 4900",
    "about": "Cupidatat cillum deserunt veniam minim sit deserunt est ad anim. Sunt est consequat non ex esse commodo enim. Ex labore labore aliqua nulla mollit ullamco minim dolore consectetur pariatur magna. Incididunt voluptate exercitation voluptate reprehenderit occaecat aliquip aute ullamco occaecat. Commodo deserunt fugiat et eu id aliqua ipsum officia tempor excepteur cillum. Et ullamco excepteur in est esse."
  },
  {
    "id": 33,
    "isActive": true,
    "age": 31,
    "firstName": "Autumn",
    "lastName": "Wells",
    "password": 7854575434,
    "email": "autumn@gmail.com",
    "phone": 8745732696,
    "address": "929 Newkirk Avenue, Movico, Pennsylvania, 354",
    "about": "Eu sint est est veniam. Reprehenderit magna magna adipisicing amet tempor fugiat enim. Esse do ea aute consectetur voluptate qui irure occaecat aliquip ex anim qui excepteur id. Ullamco mollit duis culpa reprehenderit est veniam ex nostrud. Elit ad quis deserunt ullamco nostrud eiusmod officia et. Ea officia voluptate mollit aliquip eiusmod laborum consequat sint officia esse commodo."
  },
  {
    "id": 34,
    "isActive": false,
    "age": 35,
    "firstName": "Martin",
    "lastName": "Arnold",
    "password": 8837324699,
    "email": "martin@gmail.com",
    "phone": 8464703484,
    "address": "430 Lawrence Avenue, Kansas, Puerto Rico, 7942",
    "about": "Proident voluptate ad proident tempor deserunt mollit veniam amet est proident et eiusmod esse. Elit sit reprehenderit tempor aliqua sit occaecat duis ipsum anim dolore irure duis incididunt. Eiusmod sint reprehenderit elit duis pariatur mollit minim aliqua dolore. Qui ad consectetur aliquip irure laboris qui veniam amet pariatur. Non consequat id consectetur cupidatat non eiusmod eiusmod ut ex irure. Velit sit duis deserunt enim."
  },
  {
    "id": 35,
    "isActive": false,
    "age": 23,
    "firstName": "Gilliam",
    "lastName": "Lowe",
    "password": 8779994664,
    "email": "gilliam@gmail.com",
    "phone": 9825283693,
    "address": "626 Brevoort Place, Whipholt, Iowa, 7910",
    "about": "Ea adipisicing labore Lorem nisi irure quis laboris. Aute veniam qui et pariatur cupidatat sit voluptate. Dolor pariatur sit commodo elit in commodo. Ullamco culpa qui nulla Lorem duis eiusmod cupidatat magna nulla aute irure. Dolor labore in velit anim veniam ea est reprehenderit minim. Adipisicing proident eu reprehenderit in ex tempor enim dolore dolor non laboris. Pariatur ut voluptate tempor laboris veniam ullamco tempor veniam voluptate ex laboris reprehenderit."
  },
  {
    "id": 36,
    "isActive": true,
    "age": 37,
    "firstName": "Mccall",
    "lastName": "Osborne",
    "password": 7735245233,
    "email": "mccall@gmail.com",
    "phone": 9524852996,
    "address": "466 Carlton Avenue, Bagtown, Marshall Islands, 5508",
    "about": "Lorem ullamco occaecat sit irure esse eiusmod minim quis pariatur do. Sit ut quis et mollit quis enim cillum fugiat dolore. Amet cillum esse in deserunt laborum culpa magna laborum reprehenderit dolor sint cillum."
  },
  {
    "id": 37,
    "isActive": true,
    "age": 31,
    "firstName": "Josephine",
    "lastName": "West",
    "password": 9954493559,
    "email": "josephine@gmail.com",
    "phone": 9904762974,
    "address": "776 Downing Street, Innsbrook, Montana, 769",
    "about": "Ea ea quis dolore officia enim id ea pariatur labore. Laborum quis magna labore dolore minim eiusmod qui dolor incididunt reprehenderit. Aute aliquip reprehenderit mollit proident est cillum amet ad dolor laboris dolore commodo. Dolore esse sit aliqua consectetur anim consectetur sint dolore consequat. Exercitation consectetur culpa dolore adipisicing consectetur et cillum laborum Lorem aliquip culpa. Dolore Lorem eiusmod qui labore anim."
  },
  {
    "id": 38,
    "isActive": false,
    "age": 26,
    "firstName": "Lee",
    "lastName": "Brock",
    "password": 7782958879,
    "email": "lee@gmail.com",
    "phone": 9745962122,
    "address": "908 Monitor Street, Beaulieu, New Mexico, 8789",
    "about": "Ut magna ad ipsum eu proident. Sit dolor velit dolore sunt incididunt nostrud labore minim. Consectetur consequat sunt anim fugiat nostrud velit. Nostrud proident nisi culpa irure do id ut. Sint do ea velit tempor elit. Labore culpa ad amet amet deserunt deserunt."
  },
  {
    "id": 39,
    "isActive": false,
    "age": 31,
    "firstName": "Katharine",
    "lastName": "Glover",
    "password": 7873453888,
    "email": "katharine@gmail.com",
    "phone": 9184923458,
    "address": "655 Garnet Street, Delco, Vermont, 4366",
    "about": "Velit id occaecat consequat consectetur ad duis duis nisi qui incididunt mollit do. Ex elit velit ex pariatur. Laboris ullamco non quis qui non cillum nisi ea duis cupidatat ullamco quis laboris."
  },
  {
    "id": 40,
    "isActive": false,
    "age": 26,
    "firstName": "Hicks",
    "lastName": "Steele",
    "password": 9942526426,
    "email": "hicks@gmail.com",
    "phone": 9015013519,
    "address": "223 Chestnut Avenue, Bedias, District Of Columbia, 1163",
    "about": "Lorem eu amet aute mollit deserunt. Sint eiusmod quis incididunt cupidatat ad deserunt aute qui voluptate ex aliqua qui aute. Veniam dolor magna amet sint Lorem dolor aliquip magna. Culpa enim dolor consequat mollit anim duis dolore ipsum laborum. Labore sit fugiat consectetur laborum cillum est officia veniam esse adipisicing eiusmod. Qui anim adipisicing cupidatat consectetur elit non."
  },
  {
    "id": 41,
    "isActive": true,
    "age": 29,
    "firstName": "Willie",
    "lastName": "Ashley",
    "password": 8738477956,
    "email": "willie@gmail.com",
    "phone": 9664123584,
    "address": "335 Highland Avenue, Homestead, Tennessee, 2226",
    "about": "Lorem quis ea ut nulla quis aliquip aute aute pariatur commodo est. Et Lorem nostrud do ea ut magna eiusmod sint et. Irure enim Lorem Lorem Lorem amet ipsum irure aliqua."
  },
  {
    "id": 42,
    "isActive": false,
    "age": 36,
    "firstName": "Guadalupe",
    "lastName": "Frost",
    "password": 7825235482,
    "email": "guadalupe@gmail.com",
    "phone": 9744172889,
    "address": "240 Sunnyside Court, Southview, New Jersey, 4231",
    "about": "Sunt laboris ad consequat ad. Nulla deserunt ex id ipsum eiusmod quis. Minim officia dolore eiusmod aliqua reprehenderit et elit."
  },
  {
    "id": 43,
    "isActive": false,
    "age": 33,
    "firstName": "Leslie",
    "lastName": "Evans",
    "password": 7964355556,
    "email": "leslie@gmail.com",
    "phone": 8984903438,
    "address": "523 Dunne Place, Mansfield, Washington, 1308",
    "about": "Laboris velit fugiat anim duis enim. Cupidatat voluptate ullamco qui eu consequat non. Tempor est cupidatat nisi elit. Aliquip mollit dolore qui nostrud culpa. Reprehenderit esse fugiat anim id magna eu elit excepteur occaecat culpa incididunt minim. Do ipsum Lorem velit enim minim amet consequat magna veniam aliqua."
  },
  {
    "id": 44,
    "isActive": false,
    "age": 21,
    "firstName": "Edith",
    "lastName": "Brennan",
    "password": 7755932322,
    "email": "edith@gmail.com",
    "phone": 8835223405,
    "address": "607 Stryker Street, Cresaptown, Wisconsin, 9468",
    "about": "Incididunt cillum adipisicing cupidatat et eu pariatur exercitation mollit veniam. Sint adipisicing nostrud nulla elit est. Occaecat dolor culpa ut tempor cillum ea fugiat eiusmod fugiat Lorem tempor."
  },
  {
    "id": 45,
    "isActive": false,
    "age": 30,
    "firstName": "Alford",
    "lastName": "Stone",
    "password": 8888736574,
    "email": "alford@gmail.com",
    "phone": 9045103815,
    "address": "159 Dunham Place, Brady, South Dakota, 6615",
    "about": "Amet eiusmod fugiat consectetur ex magna esse anim. Qui ex non non officia ea eu officia occaecat enim. Sint consectetur cupidatat occaecat nisi. Consectetur irure amet minim pariatur in nulla velit sunt do ipsum cupidatat duis veniam. Reprehenderit nostrud excepteur proident magna cupidatat consectetur sint nostrud. Ullamco duis in pariatur magna occaecat pariatur sunt cupidatat eu deserunt magna occaecat cillum commodo."
  },
  {
    "id": 46,
    "isActive": false,
    "age": 30,
    "firstName": "Kemp",
    "lastName": "Stuart",
    "password": 9767659862,
    "email": "kemp@gmail.com",
    "phone": 8004923828,
    "address": "962 Hart Place, Harviell, Florida, 5933",
    "about": "Id velit laboris commodo reprehenderit incididunt dolor ut esse consequat do ex tempor sit eu. Ea elit reprehenderit esse excepteur reprehenderit nulla qui irure cupidatat. Do est nisi et cillum exercitation. Exercitation ipsum quis do laboris ullamco mollit incididunt duis adipisicing. Nulla laborum id officia laborum elit proident ex velit aliqua in et quis."
  },
  {
    "id": 47,
    "isActive": true,
    "age": 36,
    "firstName": "Tran",
    "lastName": "Harris",
    "password": 9752653826,
    "email": "tran@gmail.com",
    "phone": 8684703905,
    "address": "847 Fair Street, Aurora, Alaska, 6324",
    "about": "Enim incididunt mollit est commodo. Cupidatat consectetur ullamco dolor quis cillum enim proident. Voluptate tempor officia sunt magna est non velit irure non. Excepteur cillum aliquip et elit eiusmod laboris qui laboris."
  },
  {
    "id": 48,
    "isActive": false,
    "age": 29,
    "firstName": "Wiley",
    "lastName": "Hopper",
    "password": 7764536758,
    "email": "wiley@gmail.com",
    "phone": 8445173028,
    "address": "385 Cypress Court, Tyro, Arizona, 5316",
    "about": "Duis laboris esse in exercitation laboris sit mollit culpa. Amet exercitation consectetur nostrud cillum et esse irure sit. Officia ea laboris commodo labore ut dolor fugiat non sint. Id id sunt reprehenderit aute eiusmod ullamco mollit laboris dolor est culpa do qui. Officia est elit ea tempor aliquip dolore tempor exercitation consequat Lorem excepteur est. Laborum excepteur do et elit proident eu in quis officia."
  },
  {
    "id": 49,
    "isActive": true,
    "age": 23,
    "firstName": "Tamera",
    "lastName": "Weeks",
    "password": 9863732982,
    "email": "tamera@gmail.com",
    "phone": 9284982114,
    "address": "442 Tech Place, Callaghan, Indiana, 5480",
    "about": "Culpa magna laborum amet ad deserunt sunt ad. Incididunt ad qui pariatur aliquip pariatur enim ipsum. Laboris do do reprehenderit aliquip voluptate cupidatat amet do. Cupidatat minim sint magna sit veniam tempor deserunt ea labore. Labore fugiat velit dolore sit enim nisi ullamco amet cillum ipsum in deserunt proident reprehenderit. Laboris deserunt occaecat anim minim aute et irure exercitation ipsum minim excepteur dolore excepteur."
  },
  {
    "id": 50,
    "isActive": false,
    "age": 37,
    "firstName": "Gena",
    "lastName": "Moses",
    "password": 8845876837,
    "email": "gena@gmail.com",
    "phone": 9635873015,
    "address": "734 Kay Court, Duryea, Alabama, 8457",
    "about": "Esse velit nisi et irure consectetur cillum officia officia duis reprehenderit in non est minim. Irure veniam amet et consequat laborum aliquip sint laboris occaecat cillum esse id. Voluptate id magna mollit mollit in amet non Lorem ipsum. Do eu excepteur id labore do tempor eiusmod ut pariatur. Est ex esse fugiat veniam veniam magna proident reprehenderit excepteur irure aliquip amet Lorem. Mollit duis ullamco aliqua amet culpa cillum commodo fugiat magna."
  },
  {
    "id": 51,
    "isActive": true,
    "age": 40,
    "firstName": "Potts",
    "lastName": "Oneill",
    "password": 7852773658,
    "email": "potts@gmail.com",
    "phone": 9894302913,
    "address": "112 Banner Avenue, Westerville, Northern Mariana Islands, 6909",
    "about": "Deserunt proident cupidatat ex esse nisi. Enim culpa amet consectetur esse aliqua consectetur consequat voluptate est. Fugiat minim cupidatat consectetur occaecat aliqua ullamco id. Labore in fugiat dolor non adipisicing sint culpa labore. Pariatur nostrud fugiat nisi minim cillum proident minim."
  },
  {
    "id": 52,
    "isActive": true,
    "age": 28,
    "firstName": "Whitfield",
    "lastName": "Cervantes",
    "password": 7927479488,
    "email": "whitfield@gmail.com",
    "phone": 9175343976,
    "address": "831 Jamison Lane, Whitestone, Idaho, 1071",
    "about": "Dolore eu commodo adipisicing ea. Laborum do esse officia quis aute laborum officia aliquip aliquip adipisicing reprehenderit sunt est. Velit ex exercitation occaecat fugiat veniam non."
  },
  {
    "id": 53,
    "isActive": false,
    "age": 27,
    "firstName": "Virginia",
    "lastName": "Stout",
    "password": 9779376778,
    "email": "virginia@gmail.com",
    "phone": 9724712318,
    "address": "235 Robert Street, Boomer, Maryland, 5089",
    "about": "Quis duis ex dolor incididunt cupidatat quis officia enim. Laboris consectetur excepteur cupidatat do labore consectetur labore Lorem officia voluptate voluptate. Incididunt labore dolore eu qui consequat Lorem id esse velit elit et velit deserunt. Aliqua ad cupidatat Lorem deserunt do nulla voluptate sit anim ipsum fugiat excepteur."
  },
  {
    "id": 54,
    "isActive": false,
    "age": 37,
    "firstName": "Ortega",
    "lastName": "Mccray",
    "password": 8799324232,
    "email": "ortega@gmail.com",
    "phone": 8586003174,
    "address": "657 Otsego Street, Thornport, Virginia, 3908",
    "about": "Consequat aliqua consequat id consequat ullamco ut nostrud. Nisi veniam tempor laboris amet occaecat voluptate pariatur mollit velit non. Veniam magna id sunt nostrud consequat deserunt irure consequat incididunt sint esse irure irure ut. Ullamco elit ex cillum ut commodo consectetur id proident. Esse labore aliqua consequat occaecat laborum. Non aliqua labore proident officia in culpa duis irure aute magna."
  },
  {
    "id": 55,
    "isActive": false,
    "age": 40,
    "firstName": "Allie",
    "lastName": "English",
    "password": 8842965366,
    "email": "allie@gmail.com",
    "phone": 8814802242,
    "address": "749 Cumberland Street, Lafferty, Texas, 2089",
    "about": "Ad proident aute laborum consectetur Lorem commodo do. Mollit fugiat occaecat magna do enim Lorem consectetur reprehenderit duis mollit nulla fugiat sint. Fugiat quis ullamco in magna cupidatat amet ea incididunt cillum incididunt sit officia commodo amet. Ullamco Lorem irure ad culpa occaecat aliquip velit. Culpa eu non est incididunt in aliquip. Nulla duis cillum proident ex. Fugiat magna voluptate elit fugiat cupidatat eiusmod occaecat fugiat ea aliquip nisi."
  },
  {
    "id": 56,
    "isActive": true,
    "age": 28,
    "firstName": "Rutledge",
    "lastName": "Dudley",
    "password": 7755989544,
    "email": "rutledge@gmail.com",
    "phone": 9645862265,
    "address": "850 Mayfair Drive, Glasgow, Oregon, 5906",
    "about": "Voluptate voluptate id adipisicing consequat minim aliquip Lorem est in nisi laboris. Tempor nostrud enim amet ad est amet nisi enim. Anim et officia ipsum laborum duis occaecat. Incididunt enim mollit ullamco eu ea. Ut ea tempor nulla dolor veniam nisi sunt labore exercitation et culpa sunt ea in. Deserunt adipisicing fugiat quis ad sunt ex qui id. Eu labore sit culpa adipisicing est duis Lorem deserunt commodo deserunt qui reprehenderit."
  },
  {
    "id": 57,
    "isActive": true,
    "age": 30,
    "firstName": "Wilder",
    "lastName": "Mcneil",
    "password": 9865478985,
    "email": "wilder@gmail.com",
    "phone": 9375802429,
    "address": "581 Monroe Street, Barrelville, Palau, 1947",
    "about": "Velit nostrud elit consectetur veniam nostrud eu labore aute cillum. Et enim non Lorem ea deserunt non est aliquip tempor commodo nostrud consectetur ex. Excepteur proident laboris consectetur labore est qui dolore ut enim dolor qui officia fugiat consequat. Esse qui aliqua qui consequat occaecat voluptate ut aute veniam sint non. Ad dolore deserunt ad proident eu ullamco eu nisi incididunt. Dolore non eu minim voluptate magna qui labore anim excepteur minim Lorem adipisicing commodo. Ipsum culpa aute esse laborum amet reprehenderit qui occaecat."
  },
  {
    "id": 58,
    "isActive": true,
    "age": 25,
    "firstName": "Leah",
    "lastName": "Valenzuela",
    "password": 9898567644,
    "email": "leah@gmail.com",
    "phone": 8554163554,
    "address": "151 McClancy Place, Loretto, Missouri, 5094",
    "about": "Laboris veniam tempor eu exercitation in qui esse dolore adipisicing ex sunt et nostrud voluptate. Velit ad ipsum sint sunt ea commodo consectetur cillum aute amet. Fugiat ullamco sint nisi ex est voluptate. Nulla dolor incididunt aliquip occaecat adipisicing ipsum velit reprehenderit aliquip dolor."
  }
]